open_time,open,high,low,close,volume
2024-01-01 00:00:00,40070.11638423374,40017.0460872555,39866.62834626852,40000.0,2349.6689535771366
2024-01-01 01:00:00,39884.90094099495,39912.71830511316,39733.412494183605,39822.87387933988,2158.781265684215
2024-01-01 02:00:00,40127.08315305681,40069.65225611544,39993.06684478456,40061.28256288637,3605.0141636778308
2024-01-01 03:00:00,40136.85928125806,40190.00557041782,40071.507728272816,40158.02625329766,3838.588807700428
2024-01-01 04:00:00,39885.954125572476,40006.99453369971,39776.122077107626,39895.735166217324,2410.9798172210517
2024-01-01 05:00:00,39753.93949361786,39970.831001840175,39763.48083289485,39820.21248928532,1598.035599154007
2024-01-01 06:00:00,40160.09420380955,40350.08760611925,39963.55697615724,40188.83547087349,4075.9511632955405
2024-01-01 07:00:00,39683.69952103964,39859.46194149888,39717.23539767488,39741.397242077815,4315.7885894766805
2024-01-01 08:00:00,39710.42102350005,39759.55680943076,39560.83567839203,39695.9107034923,2930.076608176189
2024-01-01 09:00:00,39958.998629535236,40190.98158233542,39889.976974293626,39986.869077605224,1623.062159184509
2024-01-01 10:00:00,39809.66916796349,39882.08777095033,39700.99607751231,39853.56477173459,4027.5335388503368
2024-01-01 11:00:00,39744.0075541745,39807.77109476082,39692.10470626276,39758.138170424805,2102.1540709043693
2024-01-01 12:00:00,39731.93574498798,39794.91716850176,39712.97121482195,39779.06904723037,4634.127268503203
2024-01-01 13:00:00,40127.87492845943,40347.849590588936,40032.295060888486,40115.478570847205,1700.2440265692799
2024-01-01 14:00:00,40038.830458985714,40076.17937246015,39982.34395256996,40027.44475263367,4731.1712627278885
2024-01-01 15:00:00,39965.99312853094,40109.16607358414,39947.27893623981,39978.61488058181,2425.6119608080076
2024-01-01 16:00:00,39902.59251861084,39999.87382074264,39916.38176599968,39931.769683608174,3889.736902673713
2024-01-01 17:00:00,40358.00522775074,40430.31235161547,40150.486117485154,40412.13491329946,1440.0220770919796
2024-01-01 18:00:00,40917.121501483714,40961.84245034005,40791.2488143818,40894.410520483434,3311.607530211131
2024-01-01 19:00:00,41150.01560224777,41178.09995103272,41138.840332128806,41140.60589242666,3119.8938655258785
2024-01-01 20:00:00,41280.34441739203,41291.3604038775,41213.85298330562,41261.186210566426,2391.375607321284
2024-01-01 21:00:00,41441.86776012814,41718.50787595744,41408.33496442106,41454.57090735636,3809.433792236391
2024-01-01 22:00:00,41795.903465938245,41896.07938182539,41785.021098013756,41805.01376108794,4180.902026074989
2024-01-01 23:00:00,41711.26703976534,41724.96927047347,41614.42022822151,41651.20603611575,3772.721404052766
2024-01-02 00:00:00,41912.543564818676,41981.50923531432,41829.47769385322,41937.7307311892,4158.940730592118
2024-01-02 01:00:00,41703.70142222994,41772.8602303179,41701.196812696915,41716.74391285488,3853.3337587735914
2024-01-02 02:00:00,41656.4009085712,41676.987359155384,41477.79086507971,41625.43607622829,1173.4205890683693
2024-01-02 03:00:00,41868.533370249,41931.30611204864,41737.473880999314,41855.85475901551,3975.812276347339
2024-01-02 04:00:00,41513.5804956233,41739.94178752178,41573.378183495166,41598.71735434618,1358.0918565425673
2024-01-02 05:00:00,41540.94771313388,41696.9189070958,41519.380482718516,41611.18267619395,946.5000970580941
2024-01-02 06:00:00,41446.093670931674,41546.38222275294,41450.30499243763,41473.50065690153,4557.409131938584
2024-01-02 07:00:00,41499.70982155397,41519.90223623298,41327.052707155635,41461.96700690034,3192.063514951746
2024-01-02 08:00:00,40950.740976039524,41097.3284966556,40777.01190614884,40923.253928124825,1294.1898296222885
2024-01-02 09:00:00,40622.78621449999,40655.35784814182,40557.88097629562,40601.69268666327,3362.949949987418
2024-01-02 10:00:00,40525.637147210226,40510.248773707885,40455.94374430532,40500.21337736225,1997.8171879846623
2024-01-02 11:00:00,40689.062031305664,40845.93140924739,40703.752260956295,40728.52572266815,1136.944640339575
2024-01-02 12:00:00,40758.37761048538,40951.94602652737,40639.54930918478,40733.89462152634,4097.684593561266
2024-01-02 13:00:00,40737.642607847076,40969.46953807689,40691.250413031834,40775.20814233908,994.9396926227784
2024-01-02 14:00:00,40995.09333795694,40970.13593595318,40740.32887795186,40956.29547194882,4831.039092665867
2024-01-02 15:00:00,40796.29920764799,40817.36857436613,40736.49036160684,40817.139015707784,3973.7038851234815
2024-01-02 16:00:00,40927.363401919894,40993.41051969963,40828.5315535758,40915.84043424596,3705.0191688964587
2024-01-02 17:00:00,40715.53050538138,40928.44914768992,40683.4241103473,40791.99503495892,1576.1687751144468
2024-01-02 18:00:00,40425.80802449018,40656.584354895276,40387.51135150333,40480.41160286279,3918.159439543345
2024-01-02 19:00:00,40485.88202119157,40499.10301667698,40349.90991578441,40441.77309173225,601.4725013414812
2024-01-02 20:00:00,40626.327083334014,40746.90235914691,40515.39107255759,40598.24349725443,2992.408253593215
2024-01-02 21:00:00,40657.99309513074,40748.01063191453,40534.555035497644,40707.57234444165,1898.3119205469864
2024-01-02 22:00:00,40798.254518955226,40929.543870844296,40707.60035221401,40745.87196323675,4245.309123416397
2024-01-02 23:00:00,41228.991828712395,41619.24270041192,41176.723501523265,41274.01287927595,3925.9441675201583
2024-01-03 00:00:00,41401.32600094242,41597.633018386245,41391.7578233341,41400.499601268195,2695.2731200634444
2024-01-03 01:00:00,41624.50734820834,41659.95376562706,41582.33788808827,41644.500898987244,2625.6023763178355
2024-01-03 02:00:00,42113.2532502394,42264.495212360926,42119.90834694021,42152.17721124693,829.2030873548831
2024-01-03 03:00:00,41970.548740766455,41930.34295144918,41794.486809660644,41921.586819116346,1556.0134356616898
2024-01-03 04:00:00,41816.1110054637,41757.74944769055,41715.05377932915,41745.77015523155,3682.6123785108016
2024-01-03 05:00:00,42158.99349613466,42166.87372645388,42102.18943532671,42151.47897422102,795.3726614204945
2024-01-03 06:00:00,42089.563595151645,42247.69245114273,41921.09276821949,42025.432830172125,4042.6416478753704
2024-01-03 07:00:00,42061.86375948636,42219.86822763801,41825.32156347026,42073.69551600877,4908.003466817557
2024-01-03 08:00:00,42345.305448057254,42427.445832698184,42074.97630087763,42340.7195840646,855.8863632987952
2024-01-03 09:00:00,42577.22376282905,42710.77558193714,42530.71714519056,42571.62605137605,2560.549666683033
2024-01-03 10:00:00,42938.015168592,42996.834395891026,42896.28354650943,42987.73946893756,3105.6032898106123
2024-01-03 11:00:00,43373.85156551109,43491.120315972876,43101.83243082451,43352.19901091168,4158.065201610137
2024-01-03 12:00:00,43658.31586284801,43672.28014128438,43517.1994781228,43627.35382911205,1175.3492352263804
2024-01-03 13:00:00,43494.878476744096,43516.34679759959,43328.563223920115,43502.42500052465,2120.576089197593
2024-01-03 14:00:00,43644.85832919716,43748.49536993737,43667.45518969526,43718.819693482124,4260.1650379643925
2024-01-03 15:00:00,43847.353502980586,44024.923806393774,43803.50235029372,43831.23651648839,2831.8410181017525
2024-01-03 16:00:00,43518.37750986339,43585.196831688176,43576.0302372618,43584.408477713376,1235.6420161425835
2024-01-03 17:00:00,43901.208945173006,44163.045826231464,43879.62175095951,43936.85358907469,4412.375025332029
2024-01-03 18:00:00,44163.930928024085,44331.4297448323,44041.47917992348,44158.127609821415,4712.559038020967
2024-01-03 19:00:00,44178.30095086577,44342.98008303235,44166.57807190899,44212.329521358675,3828.4908749377664
2024-01-03 20:00:00,44216.227915758034,44272.07568645481,44159.15984197616,44205.014135834754,4881.486496926161
2024-01-03 21:00:00,43974.414840450765,44017.086267727114,43818.13842073427,43984.36455476816,4669.372500609945
2024-01-03 22:00:00,44000.36900228616,44180.27454338126,44050.45752396602,44072.2286172672,1046.3158906809822
2024-01-03 23:00:00,44226.954248629336,44232.016813796574,44097.07419054845,44219.526625711864,2341.6387749870937
2024-01-04 00:00:00,44105.836172988675,44110.85830642633,43971.27846665799,44079.97975255838,3186.0002580705195
2024-01-04 01:00:00,44425.139921833696,44557.3704044895,44166.241087759874,44380.20938707418,3795.73861877847
2024-01-04 02:00:00,44164.92370397947,44209.80101940759,44083.32523715796,44181.11909174598,2907.78623228636
2024-01-04 03:00:00,43753.60516578002,43921.09886723896,43703.294399409126,43756.29546379296,3421.3908401138065
2024-01-04 04:00:00,43961.69885421038,44156.224226373924,43748.22982532524,44027.5247882108,1025.6241243463287
2024-01-04 05:00:00,44069.177523608756,44025.57180156379,43982.71527320515,43982.75627179269,2328.3265169412816
2024-01-04 06:00:00,44065.2422759136,44021.066932325615,43843.028005954446,43999.023385395194,530.8570578245141
2024-01-04 07:00:00,43857.37661846795,44112.693066321284,43819.348001445294,43858.772819414386,3433.3227113005883
2024-01-04 08:00:00,43545.01689698659,43575.47123935022,43360.85663046406,43550.453812840075,1240.13996081407
2024-01-04 09:00:00,43738.793985918834,43967.17207489858,43846.27086353585,43867.335053213304,2317.847282685988
2024-01-04 10:00:00,43805.41135737817,43917.65022656389,43736.73860188788,43760.10815565562,2743.9214926125924
2024-01-04 11:00:00,44192.14561694749,44296.359922767704,44121.94271502309,44167.28556642507,3498.7058212844277
2024-01-04 12:00:00,44425.816412268134,44411.082095835416,44351.69609769175,44389.7359079939,3934.580008305418
2024-01-04 13:00:00,44346.286952112925,44469.68722161807,44049.785296999056,44364.2654888635,3717.9597539069555
2024-01-04 14:00:00,44147.019825655334,44257.13813176526,44135.82852223717,44167.753442259425,3055.189065891595
2024-01-04 15:00:00,43995.74479809365,44071.27606274518,43968.19523351683,44050.165193525194,2879.474230474262
2024-01-04 16:00:00,43861.25409151154,44045.47783815686,43793.057518692774,43827.15613759015,4356.0497281193275
2024-01-04 17:00:00,44383.85041767878,44406.63087739572,44198.2107973502,44328.34450916535,4400.514398922709
2024-01-04 18:00:00,44459.030540618034,44586.7373684814,44392.11014473106,44409.1198912002,778.4571612228019
2024-01-04 19:00:00,44717.29917559664,45052.271562253954,44606.05201503355,44708.927090283774,1715.652115623296
2024-01-04 20:00:00,44455.799957818854,44474.982650823484,44167.069088348355,44470.32626558945,4647.4507715340915
2024-01-04 21:00:00,44508.17945338624,44586.14719974443,44542.16591351465,44555.050048248595,3166.935126405733
2024-01-04 22:00:00,44830.52165213607,45078.22904137989,44600.61976588612,44862.003586464554,1105.9744863724904
2024-01-04 23:00:00,44852.68041163626,44854.411647977315,44786.44936293669,44831.7193200343,820.0933096561223
2024-01-05 00:00:00,45094.84866560207,45144.94431082869,44874.13150545168,45107.68420940037,924.9432781651344
2024-01-05 01:00:00,44981.892634059936,44993.13993221998,44825.831423928,44908.18015921774,3964.280572158287
2024-01-05 02:00:00,44698.38237328145,44833.69692812169,44471.55769407804,44646.93321053847,1498.9417674305494
2024-01-05 03:00:00,44749.32874118077,44898.87581210058,44682.79881431623,44776.27551268645,1593.3137863995626
2024-01-05 04:00:00,44547.6116634776,44772.24311797832,44558.97341946722,44601.83241914938,1087.6856984151643
2024-01-05 05:00:00,44631.32276571648,44808.62362765938,44569.41382101865,44655.81283258523,3198.4513457626454
2024-01-05 06:00:00,44171.89013547286,44229.21337323796,43916.30417152555,44124.88024055103,2812.4507570061496
2024-01-05 07:00:00,44170.61933056448,44228.93850716567,44093.90308401877,44193.773438768505,1766.9370765676845
2024-01-05 08:00:00,44703.92465397923,44729.42894547998,44641.40026890023,44679.530167324985,3461.5602284409792
2024-01-05 09:00:00,44559.44014237181,44741.77721157816,44557.26883159836,44584.669720589,4000.02647507177
2024-01-05 10:00:00,44518.383331581535,44543.27726176102,44488.20816450126,44503.111458852836,4908.176153704709
2024-01-05 11:00:00,44477.53584337593,44715.327003618295,44393.74922443915,44454.0577895714,2654.2061154989037
2024-01-05 12:00:00,43994.61643543498,44094.174883427484,43870.41823666286,43951.287794740674,2358.4309913220814
2024-01-05 13:00:00,44020.034671871836,44011.610267420976,43755.897298979115,43957.033687170144,1814.788427028841
2024-01-05 14:00:00,43573.290650611736,43522.45479563476,43496.38659334868,43516.274368798695,4030.702905701387
2024-01-05 15:00:00,43313.211094883714,43372.581767005366,43258.1744912926,43336.186706391636,4874.957534379061
2024-01-05 16:00:00,43512.42238526186,43727.178288087016,43462.21545769333,43518.82046724544,3201.910742646023
2024-01-05 17:00:00,43221.02340487252,43347.787253870425,43223.13374887688,43271.803952725975,3390.4233343714263
2024-01-05 18:00:00,43283.506394351054,43442.75198193569,42997.353500771016,43293.71008486084,3601.111575908545
2024-01-05 19:00:00,43427.40482447432,43495.85410034799,43280.65790811746,43426.34881965913,2404.777685948173
2024-01-05 20:00:00,43382.48774115769,43454.13327748208,43395.92961586245,43400.01961025539,1491.562919857955
2024-01-05 21:00:00,42994.061563986084,43076.80873829927,42845.062205215414,43015.7236186011,1652.5397774353933
2024-01-05 22:00:00,42902.41693059582,42992.65448552397,42544.537279295306,42858.18384859122,3277.3965755474082
2024-01-05 23:00:00,43231.547861009174,43270.40097950743,42976.20647511332,43192.351538629504,3369.4179521236615
2024-01-06 00:00:00,42685.6643859043,42717.2421167128,42624.35705537543,42668.63439316625,2578.605192601772
2024-01-06 01:00:00,42470.134612758666,42528.594364384684,42313.22748339095,42524.46006139789,695.0303924370791
2024-01-06 02:00:00,42330.524454775725,42442.154150288414,42260.913530491714,42322.020653097235,4447.555386154692
2024-01-06 03:00:00,42246.68922255717,42336.66703761085,42223.59459953295,42262.92797376506,1599.41423710385
2024-01-06 04:00:00,42392.21434166617,42366.28396002075,42266.38346921917,42336.511031507674,3114.6455917988933
2024-01-06 05:00:00,42515.60599000171,42627.14774606627,42506.34318372286,42592.36982401442,3824.016114101808
2024-01-06 06:00:00,42425.91403224711,42597.377139639415,42347.72229739015,42449.63589447198,1329.5276806538836
2024-01-06 07:00:00,42512.200156227686,42634.11825896235,42521.9067937075,42537.15459108077,2629.8202015875886
2024-01-06 08:00:00,42538.51127158095,42641.916073879285,42470.11904722191,42558.3679008861,506.0215594040384
2024-01-06 09:00:00,42614.956537207974,42593.256221203155,42534.86530011759,42574.18839916242,713.4941612388717
2024-01-06 10:00:00,42269.32993737095,42621.528475353596,42357.8738697676,42368.997003846074,1627.2041382511252
2024-01-06 11:00:00,42064.228082873335,42158.23849711608,42034.60000738185,42072.9814582262,3464.2530941437085
2024-01-06 12:00:00,41792.94893267619,41794.48420827948,41635.93627574499,41757.42502790704,4490.038663245223
2024-01-06 13:00:00,41556.66636223982,41771.59779526076,41367.86959921507,41515.97582755221,2410.189248385849
2024-01-06 14:00:00,41476.93295921958,41574.49013236239,41326.28396159605,41499.71953643566,612.671446142556
2024-01-06 15:00:00,41546.35451379999,41771.361513071955,41535.1159924039,41574.616029344026,1817.2445536794373
2024-01-06 16:00:00,41573.095451571295,41671.73732869892,41525.59625751718,41558.707263020864,4806.507317506853
2024-01-06 17:00:00,41367.767634942364,41490.85825499392,41339.445966294836,41361.52052777811,1000.4876826871857
2024-01-06 18:00:00,41655.17663398018,41915.31107743207,41584.95867170855,41652.28583559519,3900.68663647228
2024-01-06 19:00:00,41726.08051415869,41897.355355866275,41771.546063342175,41885.3023894308,3862.9742709715533
2024-01-06 20:00:00,41680.36081623546,41827.656898471905,41716.31298469244,41727.39477580977,3154.6547261199084
2024-01-06 21:00:00,41436.34204029243,41661.932068330236,41439.42532388545,41472.14174951633,4689.001956534319
2024-01-06 22:00:00,41442.82995555865,41530.51920885033,41336.42609505732,41416.198931201034,3389.675315999709
2024-01-06 23:00:00,41535.870444763146,41673.67043587444,41248.786543949835,41595.7999972827,4849.275541833778
2024-01-07 00:00:00,41538.295849282775,41806.91174487749,41531.493809750944,41581.81652448795,4217.5930986044295
2024-01-07 01:00:00,41607.93982982771,41617.493008078796,41571.1878425574,41614.364422111525,4073.204578040813
2024-01-07 02:00:00,41433.58932465509,41578.643958534405,41361.58490815599,41487.007795791986,4779.730288273121
2024-01-07 03:00:00,41525.357939855225,41588.00449738827,41433.162564687795,41498.68035113164,3276.690231091339
2024-01-07 04:00:00,41719.83008396025,41857.9380886563,41671.26354691289,41736.16577282484,1950.5735571024916
2024-01-07 05:00:00,41678.93295874166,41657.553786403005,41452.59542608345,41602.67916130756,966.4778341433299
2024-01-07 06:00:00,41523.1193694234,41684.92807508311,41354.4396065695,41549.28373106925,3624.1908787485563
2024-01-07 07:00:00,41494.98797449242,41629.49187843718,41316.00044542043,41518.91462760601,2854.756111051872
2024-01-07 08:00:00,41528.15662960641,41640.954894271395,41176.60783334837,41494.776642470526,2234.5157381348095
2024-01-07 09:00:00,41091.91031601432,41145.32762377641,41059.96021872874,41118.857021402764,4773.858231134981
2024-01-07 10:00:00,40712.19221742659,40699.790117345714,40551.464707406856,40650.745837815804,4605.92624691247
2024-01-07 11:00:00,40381.687157871296,40456.93868851469,40181.827285590756,40362.19565048876,2200.7683566232336
2024-01-07 12:00:00,40303.11282778489,40334.274956000765,40231.35956654698,40315.36385811275,4754.696085727876
2024-01-07 13:00:00,40339.89007796131,40391.3467200883,40218.33492905213,40346.37769468393,2444.0928728650083
2024-01-07 14:00:00,40273.11147817117,40177.739062109504,40115.04093120322,40158.63095818662,1427.6267580035417
2024-01-07 15:00:00,40374.577148273514,40619.63619489534,40332.89313292474,40354.8575712146,3292.928718814193
2024-01-07 16:00:00,40251.31461223821,40250.933502524116,40217.14299044348,40245.2586258144,924.1161914531293
2024-01-07 17:00:00,40163.530764961455,40322.11008267646,40107.762225059596,40168.85622157874,1186.995402710842
2024-01-07 18:00:00,40091.09986009947,40139.32847187372,40014.34691165766,40049.56197499353,4164.2285866826005
2024-01-07 19:00:00,39935.57398585081,40077.87322665568,39992.828230534855,39996.30142275563,4185.979162511037
2024-01-07 20:00:00,40049.93272378826,40129.895928811755,40052.827492661665,40057.19060695994,1582.761730191479
2024-01-07 21:00:00,39996.7381326927,40111.468546493095,39983.77527503428,40110.39725894918,3860.882425212033
2024-01-07 22:00:00,39828.739667422094,39919.07121938247,39811.310225309535,39849.99595915926,4881.06719200516
2024-01-07 23:00:00,40107.865666309255,40094.292827102385,39857.05585522308,40073.88594391988,4810.287065486983
2024-01-08 00:00:00,39829.305648463065,39970.27849556413,39567.66545388695,39774.328345229536,2500.3506904400833
2024-01-08 01:00:00,39734.599097673636,39906.962016529105,39534.6498740868,39710.53569490034,4387.577573665027
2024-01-08 02:00:00,39601.960250597986,39780.30985872315,39508.881462714715,39576.63244887345,3006.965516541462
2024-01-08 03:00:00,39222.48379335828,39317.52047244774,39210.279962871326,39289.9013936999,3041.547782054181
2024-01-08 04:00:00,39169.97426579976,39370.82722768957,39148.29238932358,39196.56418844186,1576.717274845993
2024-01-08 05:00:00,39030.44625050008,39115.63458927517,38860.25102857523,38972.98428698229,2228.953527619152
2024-01-08 06:00:00,38888.86238494727,38957.84442525025,38755.06971787632,38909.24538264135,1466.929489731799
2024-01-08 07:00:00,38904.55469046353,38914.300880690906,38857.93567844148,38909.84574475297,3841.0304931958067
2024-01-08 08:00:00,39086.87648976698,39192.12538691226,39077.31339628945,39118.38877673308,3382.662026355439
2024-01-08 09:00:00,39063.7639372053,39288.47558405021,39081.733522137576,39100.27387602011,4120.139022054509
2024-01-08 10:00:00,38884.28325200405,39092.70898121763,38831.27732099687,38902.57793723866,3289.45250220256
2024-01-08 11:00:00,38722.98268865487,38850.30837015034,38603.38847707898,38748.59768032275,1747.3291665988988
2024-01-08 12:00:00,38735.27387694689,38739.1171113762,38657.50397650229,38698.22026155154,4786.369482836786
2024-01-08 13:00:00,38647.22930585579,38742.17981001329,38515.27755447892,38638.90765985021,3428.1987350535474
2024-01-08 14:00:00,38883.19164990677,38908.51666854198,38735.59951999887,38843.61451931243,2643.5179140655146
2024-01-08 15:00:00,38982.77655350738,39050.61187980811,38984.414176569764,39036.93004688317,3999.083747008003
2024-01-08 16:00:00,38936.45380277732,38924.704323348946,38669.52580761288,38888.797403569246,1645.819935464369
2024-01-08 17:00:00,38705.17009489457,38790.163686811575,38627.99927115321,38704.33964591163,4148.743869598091
2024-01-08 18:00:00,38202.22360687031,38164.941655652205,38048.62143735659,38132.08541717488,2022.322229451999
2024-01-08 19:00:00,37949.16093002628,37992.28807540946,37823.902146385,37951.16384590036,835.9507224733727
2024-01-08 20:00:00,37633.383556295244,37812.14559116524,37621.32631598443,37689.66937693681,4022.9532837405327
2024-01-08 21:00:00,37595.64313198804,37570.02675487567,37387.700950633756,37547.42395562071,1359.3148669412649
2024-01-08 22:00:00,37540.71943942159,37641.94651856908,37463.29826822993,37545.84400551877,3399.3543413537664
2024-01-08 23:00:00,37423.303535815605,37681.36168339055,37407.937413503874,37504.01649526313,1714.0382821055275
2024-01-09 00:00:00,37428.82253614058,37437.71028429722,37358.73826760215,37423.388859119405,3584.5185321072545
2024-01-09 01:00:00,37394.531944812516,37388.96694349122,37166.64893022293,37385.88727616411,1067.4423088689014
2024-01-09 02:00:00,37327.66597471154,37298.51315890639,37260.73026883321,37287.54037734411,3307.5863870823428
2024-01-09 03:00:00,37116.0639952066,37420.73047889038,37163.79151986768,37249.697053601,1364.0846663649602
2024-01-09 04:00:00,36615.436642633504,36691.30914838504,36425.76041992899,36573.41855845122,2765.1177470774273
2024-01-09 05:00:00,36433.72726472765,36568.32217064714,36415.42667191017,36451.02680375572,4427.152912048066
2024-01-09 06:00:00,36427.95600761648,36447.720449626795,36328.480675427374,36357.92163712661,2639.3973001340455
2024-01-09 07:00:00,36160.926378878175,36310.753636380956,36127.937968250735,36223.1679601744,3974.2990412302415
2024-01-09 08:00:00,36257.79119886967,36341.61532957803,36083.088682603346,36238.02919182243,1159.0179326282687
2024-01-09 09:00:00,36434.813823845645,36424.019805239215,36298.35516916555,36419.81909851009,3457.1875446244508
2024-01-09 10:00:00,36350.183959572736,36469.01236553295,36345.7925773931,36365.53438731142,1183.911715036017
2024-01-09 11:00:00,36791.73951586708,36998.446471781885,36673.00911157534,36820.23122821894,3958.544294485068
2024-01-09 12:00:00,36988.34845570295,37044.46260358511,36892.40066441817,37002.17783568352,3713.274719316218
2024-01-09 13:00:00,37043.6659469692,37084.42191140282,36987.925861842225,37056.5141923372,2310.829595656069
2024-01-09 14:00:00,37027.338320726725,37159.76500630152,36941.800811733665,37073.8080407684,2615.1810681686216
2024-01-09 15:00:00,37150.23349558905,37293.99712076469,37067.43351026156,37113.38019964666,1257.8668556282635
2024-01-09 16:00:00,36958.78903492295,37054.383155976866,36928.992828178765,36999.19957351485,3359.8435485054247
2024-01-09 17:00:00,37074.98229665474,37113.91111352796,36995.23187947296,37037.086284125566,4607.089165897082
2024-01-09 18:00:00,37077.80140802831,37360.78172257899,37062.77576965568,37144.25004082667,3021.922064007434
2024-01-09 19:00:00,37300.98908390324,37432.568670597866,37211.20886851845,37307.599609277495,1918.2045730476614
2024-01-09 20:00:00,37465.613278649376,37533.43956874028,37455.84568566626,37471.69517958095,2342.5075585458217
2024-01-09 21:00:00,37475.81016793356,37543.61845633219,37371.38189285474,37476.40208416718,1482.2522686224488
2024-01-09 22:00:00,37302.90688306261,37284.96960760412,37232.99663428065,37267.26834789461,2487.9217566467505
2024-01-09 23:00:00,37190.96410353214,37221.92323324173,37066.98978230255,37198.49111479584,2728.0787525375813
2024-01-10 00:00:00,37536.9474470722,37588.03294062994,37415.16853067219,37554.14459436,4733.35305883358
2024-01-10 01:00:00,37771.19898570924,37871.70756275432,37658.92423495727,37778.72932858542,2434.569246387342
2024-01-10 02:00:00,37942.40149107384,37976.02279662993,37895.07690622058,37905.216214105945,4380.141461497988
2024-01-10 03:00:00,37772.195534586695,37851.97134346007,37572.0828103209,37817.78892367617,1250.719436556748
2024-01-10 04:00:00,37836.546837038644,37892.80682083921,37798.58869150109,37875.204865568645,2953.267325350492
2024-01-10 05:00:00,37620.46790682301,37793.06741000342,37573.608710029854,37694.22412930327,3158.5044685571033
2024-01-10 06:00:00,37723.060611221576,37692.97395218327,37638.14198420285,37646.741304008654,3171.7390470470264
2024-01-10 07:00:00,37613.38331006625,37744.25229777135,37632.12147447453,37657.055882108165,2759.6811877460113
2024-01-10 08:00:00,37574.4720672028,37774.53082185173,37581.22469792991,37645.449990314075,3952.162269984914
2024-01-10 09:00:00,37851.33401774476,37925.550419391344,37812.280509285316,37881.976716080586,1277.8912167229446
2024-01-10 10:00:00,37647.007733384475,37878.96482709902,37652.39895580665,37670.078970944756,806.4702145025522
2024-01-10 11:00:00,37618.62735246389,37607.76314405015,37529.84777957924,37563.579579341276,1142.2397030538816
2024-01-10 12:00:00,37344.36450255242,37445.505634671135,37220.477807377414,37361.73394372901,3034.541851164387
2024-01-10 13:00:00,37197.47815278301,37217.054492844865,36995.898663870335,37186.62823701029,1623.7535943628022
2024-01-10 14:00:00,37198.74002311717,37313.02530918727,37157.94788518932,37265.47428187466,3823.413914681205
2024-01-10 15:00:00,37030.866823145625,37048.813013191975,36932.38851588697,37023.166615676084,782.8516195932575
2024-01-10 16:00:00,37156.88909451537,37617.038244599964,37123.60678345397,37218.25441262591,4590.474685061405
2024-01-10 17:00:00,37216.47696835089,37272.395990478355,37146.761145949335,37228.15153234864,4782.7037767082675
2024-01-10 18:00:00,37268.45731744335,37301.08584814195,37242.14230448842,37296.79807198184,4035.429708681707
2024-01-10 19:00:00,37415.07877200744,37685.05913356932,37289.825251607755,37412.89866638881,4450.789760859174
2024-01-10 20:00:00,37411.520020633856,37511.883506779785,37285.05456951783,37387.800874255845,2202.5439049328215
2024-01-10 21:00:00,37586.614332296056,37699.2485616988,37521.77385273971,37636.89330566371,1218.1785018395594
2024-01-10 22:00:00,37613.98250866264,37663.64429343217,37644.641327917736,37656.77636326931,1399.76816188321
2024-01-10 23:00:00,37832.43790802871,37885.034965831976,37773.79442989403,37825.11538154226,2755.725936628483
2024-01-11 00:00:00,37870.205585373405,37859.940843965756,37816.94765419208,37844.19581035614,3476.2352181431493
2024-01-11 01:00:00,38009.799535671445,37988.36829044314,37807.31878912799,37956.00164044131,3059.5542387026035
2024-01-11 02:00:00,38048.046991399264,38070.925312743704,37988.88818739355,38066.010026738404,972.2259534117882
2024-01-11 03:00:00,38113.75506896053,38176.73223930467,38152.78537434975,38170.685832887,3772.585475309506
2024-01-11 04:00:00,38049.09148158014,38059.59069909075,37997.11402849886,38041.99186747435,4050.4796709181182
2024-01-11 05:00:00,38151.62171101742,38201.192413908226,38153.20315677508,38181.96276786754,632.8621028031322
2024-01-11 06:00:00,38143.050860588504,38328.21489421065,38054.7722011829,38178.34369260758,2565.042793036102
2024-01-11 07:00:00,38409.97814395712,38457.38894437671,38249.075240410675,38355.96615175709,2470.0636414435976
2024-01-11 08:00:00,38024.206941466044,38101.865547851594,37917.461111612036,38000.695272505945,802.4873482514245
2024-01-11 09:00:00,37751.812853955904,37862.333400048796,37715.43401156257,37779.31913994913,1295.4615680921102
2024-01-11 10:00:00,37903.93249402487,38047.55977818671,37728.621317556615,37904.64174806855,4167.4593535190725
2024-01-11 11:00:00,38311.284047592606,38444.64213143792,38179.461679051376,38314.5667242707,3130.8849888819577
2024-01-11 12:00:00,38538.37461124054,38595.98449333922,38507.43168500252,38532.013144724035,1485.0682453244785
2024-01-11 13:00:00,38442.71836294465,38634.14453441141,38438.37794545131,38458.33012260501,2562.813352393457
2024-01-11 14:00:00,38118.0854428158,38268.92859462731,38007.972421851715,38190.65006591214,4345.783951973104
2024-01-11 15:00:00,38352.27254550075,38601.8998384756,38369.105421473025,38389.754388916794,960.3115459440883
2024-01-11 16:00:00,38411.4255457623,38558.87228436039,38413.46829369319,38431.87116998969,4799.670568298132
2024-01-11 17:00:00,38604.113518062375,38616.8696793498,38470.347678350285,38603.02831875311,1136.434838364667
2024-01-11 18:00:00,38641.320664941224,38796.55857988794,38645.26171591801,38683.18726042434,1808.3576157534005
2024-01-11 19:00:00,38754.163427759646,38834.61454561622,38696.62595294517,38746.945455431895,1316.6671045661033
2024-01-11 20:00:00,39363.24056290885,39527.31326891796,39343.07821904904,39378.25436749042,2613.005344029233
2024-01-11 21:00:00,39406.16406589918,39581.855525089086,39404.28972781268,39436.114813215085,1897.529154864052
2024-01-11 22:00:00,39413.73891320409,39630.47771003578,39298.504360546045,39463.86892365708,4948.286466755159
2024-01-11 23:00:00,39516.736563359635,39684.0784574245,39449.7158948618,39499.100554007084,569.3154610549816
2024-01-12 00:00:00,39459.83680329021,39670.95669568315,39273.31416281235,39443.103327587145,1946.9143673667413
2024-01-12 01:00:00,39729.304351455496,40030.33855995826,39599.417573039354,39697.53755295002,3176.1331256382623
2024-01-12 02:00:00,39708.667508823724,39810.58437495713,39628.02412158444,39686.86797953043,2030.102299968664
2024-01-12 03:00:00,39897.477010447255,40132.09090221331,39864.61081576213,39872.59115250704,2550.9767643432892
2024-01-12 04:00:00,40004.41833563901,39993.41083853445,39910.02785889435,39989.1393404784,2413.490056801002
2024-01-12 05:00:00,40222.00268246411,40563.18894048355,40178.63715388388,40292.854026963556,888.0410896370088
2024-01-12 06:00:00,40426.65749008536,40570.69498716113,40246.2614012872,40437.9444838368,3420.729558388887
2024-01-12 07:00:00,40195.60939416477,40534.88681437484,40207.12677196538,40253.267468515085,4253.050724662919
2024-01-12 08:00:00,40101.50241588107,40088.13326144157,39982.04395010508,40046.67003169039,2875.2241866991735
2024-01-12 09:00:00,40388.17651239794,40395.140773597894,40375.677169067494,40388.7425091167,1173.1303365851966
2024-01-12 10:00:00,40377.60498591518,40522.477582855296,40203.73239267993,40326.40030340256,2665.732908420868
2024-01-12 11:00:00,40079.27699935447,40150.174750070364,40078.31293076976,40120.61416248615,563.5728525999195
2024-01-12 12:00:00,40042.788498751055,40052.24727035849,40041.08022165803,40046.46753632289,4583.663736941951
2024-01-12 13:00:00,40370.38583561352,40554.110231444225,40199.02520815654,40359.756115128264,1582.6769715112741
2024-01-12 14:00:00,40120.41817101149,40148.890790163656,39997.35921371847,40133.69849795547,4560.620492976268
2024-01-12 15:00:00,40027.536095090734,40163.040202397446,40008.243911680984,40020.02075941434,3128.4782770915485
2024-01-12 16:00:00,40005.82996297659,39988.35774568869,39814.433189512056,39946.62253883061,4924.998879790198
2024-01-12 17:00:00,39715.613015794945,39780.16278958717,39648.41749633453,39756.63842463866,4321.9538104959265
2024-01-12 18:00:00,39476.43780172907,39823.332743085135,39561.6778940251,39580.849013407504,549.8998972199952
2024-01-12 19:00:00,39402.748476095694,39504.916932982575,39296.48943644798,39339.780274152814,568.0336576616451
2024-01-12 20:00:00,39276.95616859097,39432.80276183792,39112.58454965027,39308.07488707403,3845.478263419662
2024-01-12 21:00:00,39341.39427304901,39375.2745138247,39099.208962909855,39297.283084724026,2825.5793576249584
2024-01-12 22:00:00,39247.68895543091,39331.51531661672,39214.55855424677,39222.11953404185,3899.144602178765
2024-01-12 23:00:00,38948.203651100834,39037.587185609504,38832.03522136589,38956.64504177703,3153.6134717802315
2024-01-13 00:00:00,39274.14086286159,39265.977051379814,39245.452180449305,39259.208827338545,1545.2648483218957
2024-01-13 01:00:00,39012.658643809176,39192.93818622614,39012.414136556006,39057.20472406723,4039.7278794459876
2024-01-13 02:00:00,39173.451228185455,39184.95361670332,39122.5070805156,39170.086629206686,639.6614195408525
2024-01-13 03:00:00,39041.526723945884,39177.5440158892,38956.25273072963,39018.34825635728,4129.309700590964
2024-01-13 04:00:00,39176.89941634168,39298.29813536594,39183.8960263715,39207.25888000242,3492.8835148266403
2024-01-13 05:00:00,39438.4438064239,39578.56108546578,39432.2142750737,39453.44760129703,3529.7340397156536
2024-01-13 06:00:00,39351.80063824993,39495.319464351705,39290.18475966925,39339.503364427976,697.3747047858075
2024-01-13 07:00:00,39071.75681463963,39021.29693839065,38943.936781930504,39020.122512371505,1443.9827493110215
2024-01-13 08:00:00,39214.27751316039,39313.885548051716,39198.10747241152,39214.40122831697,2700.2155617347194
2024-01-13 09:00:00,39623.94301319837,39749.40847703498,39453.920360100004,39641.01480647507,2489.2924823119356
2024-01-13 10:00:00,39777.044256147165,39946.9133839806,39631.29339546991,39782.86909573902,619.0950059595517
2024-01-13 11:00:00,39920.739398162485,39939.91985896208,39808.23356770203,39874.477987901526,2011.2384828992049
2024-01-13 12:00:00,39972.3819050283,39998.05020457931,39738.9208344176,39998.041141829875,4853.582547315197
2024-01-13 13:00:00,40099.00394105361,40125.6269585885,39932.43269053956,40111.04657671777,1879.5380478075208
2024-01-13 14:00:00,39879.44731908853,40145.13334745645,39786.60944845876,39904.67748152821,3347.526414770272
2024-01-13 15:00:00,39725.138540397595,39842.99755794993,39676.56069477376,39733.256701722305,3567.6180348665225
2024-01-13 16:00:00,39823.44136558337,39835.0278067356,39786.88222397945,39814.933089474776,3306.4861556364976
2024-01-13 17:00:00,39787.541734363534,39903.83175406444,39671.271272897924,39746.44874741571,1803.635000005185
2024-01-13 18:00:00,39883.43850516983,40120.20556750083,39906.25705387058,39968.354282851054,3072.6001511082045
2024-01-13 19:00:00,39809.73053306834,39846.73516659708,39673.28050091479,39787.62894620427,3668.4237489057564
2024-01-13 20:00:00,39861.59435176136,39958.71646463638,39752.384104414145,39897.166261536586,2224.9453527615024
2024-01-13 21:00:00,39949.29920579141,39952.0064579436,39828.17348583159,39925.62051782608,1761.3677164684232
2024-01-13 22:00:00,39909.86682034049,40083.0627820165,39661.50349467634,39860.45440636891,1737.480210374302
2024-01-13 23:00:00,40094.83415453745,40167.4285681355,40026.90828193149,40054.9556404959,4631.451619180784
2024-01-14 00:00:00,40157.444079334135,40196.90051310648,39950.51332885434,40151.10186026225,3400.1424786472876
2024-01-14 01:00:00,39942.50224893465,40078.674722618576,39865.36798508387,39909.19806569367,3885.9510638274614
2024-01-14 02:00:00,39959.30937137146,40192.58083500388,39934.693211780796,39997.04193823914,3055.20392261949
2024-01-14 03:00:00,40229.293744513074,40359.04335709702,39983.61896115009,40232.0226860637,3337.0660387815124
2024-01-14 04:00:00,40226.58078785251,40183.43274716385,40121.157218464396,40165.5503949451,1744.335829818083
2024-01-14 05:00:00,40043.818080278805,40141.53603801796,39924.81809768812,40075.447849101976,4517.758019329136
2024-01-14 06:00:00,39909.06162904475,39923.683127027936,39870.16811561231,39901.19035453943,2755.3794144607614
2024-01-14 07:00:00,39843.86030372146,40002.297558433704,39821.59710304652,39858.57510802543,4124.083253676892
2024-01-14 08:00:00,39947.67578992905,40011.9028175557,39930.18886938391,39955.4714408385,2831.0701141372892
2024-01-14 09:00:00,39768.306566328465,39843.176204007505,39706.456905488725,39752.164357438174,1023.4396136045258
2024-01-14 10:00:00,39434.177936135566,39658.712886278634,39305.839692041125,39444.8090578892,1003.2014226291901
2024-01-14 11:00:00,39331.12324535053,39368.31615147384,39287.04809121103,39331.2573313703,2588.503570148488
2024-01-14 12:00:00,39000.905343981685,39033.91096019153,38981.227033228504,39020.5944831282,2434.512090975827
2024-01-14 13:00:00,39012.32658367557,39095.798814193724,39012.346224927285,39083.655361762,4609.832809248078
2024-01-14 14:00:00,38968.71190358806,39098.987082305444,38920.85901876567,38961.1887268161,1092.780730196198
2024-01-14 15:00:00,38597.219695701344,38717.08814013875,38340.97183423317,38580.264825304555,3589.5055239512553
2024-01-14 16:00:00,38527.61605613769,38600.152786273255,38466.64642437551,38474.43770928574,4631.631627635206
2024-01-14 17:00:00,38393.84601522655,38539.97125067707,38246.13928328548,38398.90950521241,2349.844943795168
2024-01-14 18:00:00,38393.12018524232,38563.080214386275,38386.736234321805,38446.74218457204,4482.408202666811
2024-01-14 19:00:00,38351.41256940416,38435.89172033449,38288.06102750712,38380.351669054035,1149.4040055209762
2024-01-14 20:00:00,38721.49670924589,38825.94945583393,38666.93743425754,38700.583210318866,974.0595768710077
2024-01-14 21:00:00,38558.25233353675,38610.224190683926,38514.808556097596,38561.51191926856,1550.157454914399
2024-01-14 22:00:00,38521.67524423044,38645.68514484089,38435.98923475399,38510.91949547479,2845.375045598891
2024-01-14 23:00:00,38439.01581733078,38551.402929035816,38274.544404288354,38452.59266407382,3408.862625952576
2024-01-15 00:00:00,38431.52659874568,38361.80247218215,38293.674009540344,38359.801100705205,3970.6313261794276
2024-01-15 01:00:00,38415.02457990534,38515.41172558729,38258.228100579436,38348.758385168236,3949.4792561204495
2024-01-15 02:00:00,38378.4008791093,38517.006791737425,38382.717714176666,38414.18736801669,1003.4661239222833
2024-01-15 03:00:00,38668.28594043655,38659.757626039376,38481.231791057886,38633.16719409509,4433.028447498126
2024-01-15 04:00:00,38303.05033203084,38343.06257113019,38283.584368445816,38291.40735520105,1005.5055102755771
2024-01-15 05:00:00,38155.92458269623,38158.08255731416,38138.335814521626,38155.40721348718,4540.148153604228
2024-01-15 06:00:00,37999.1317957659,38053.52940455967,37991.318894741205,38031.8273009093,4809.318820581835
2024-01-15 07:00:00,38234.03356464143,38273.110951096794,38072.76967234526,38172.136276325225,3128.4490555355446
2024-01-15 08:00:00,38110.24778240624,38162.038725702565,38000.81672414061,38065.89118518879,3622.5341040646526
2024-01-15 09:00:00,37612.23279551803,37712.02016656234,37641.50997052059,37667.11755448869,2163.7681486767915
2024-01-15 10:00:00,37698.05608213271,37693.749078889625,37533.574243033436,37645.97320541206,2977.9473648175244
2024-01-15 11:00:00,37600.542813486005,37662.97877840221,37527.14149976082,37601.98591266714,4244.306738996522
2024-01-15 12:00:00,37575.7031689631,37624.23649168718,37509.11967964975,37598.179005974045,1217.7448055125037
2024-01-15 13:00:00,37328.54980907575,37442.615394759414,37273.315001226714,37365.03967599589,2757.856278060706
2024-01-15 14:00:00,37684.4050143686,37664.07803328437,37574.89397556682,37648.83363163557,2341.485843426733
2024-01-15 15:00:00,37565.236247245244,37861.87974500697,37543.719147222124,37550.22008240537,4398.735003221439
2024-01-15 16:00:00,37444.55626125756,37483.34433611165,37387.78775507333,37477.31691993665,1089.4621813510096
2024-01-15 17:00:00,37240.959491174675,37319.71769028827,37144.204736968575,37271.19007100973,4512.896778211755
2024-01-15 18:00:00,37046.05934831143,37245.836912990155,36987.17023798932,37060.421117724196,1626.2204756472036
2024-01-15 19:00:00,36777.926388630134,36802.328979481965,36776.546899764566,36796.784963383994,3225.6409631920255
2024-01-15 20:00:00,36706.98831057204,36809.71045190225,36637.6254491903,36687.625304236826,2209.5429019657818
2024-01-15 21:00:00,36489.09519855958,36516.37642382175,36467.91992209255,36475.28066044036,4697.344226886763
2024-01-15 22:00:00,36790.455772674795,36830.60027757015,36694.528567406254,36813.85649698102,1388.8744775912596
2024-01-15 23:00:00,36369.0470808048,36618.60607588858,36404.439110247564,36429.42920304802,2761.4317772840395
2024-01-16 00:00:00,36139.20351616467,36204.57212420039,36152.43846014424,36187.477584731845,1527.3006942806599
2024-01-16 01:00:00,36110.04966520062,36111.61872671998,36029.41584326113,36078.65922898723,4105.521761558821
2024-01-16 02:00:00,36128.09748187619,36304.799144167395,36077.68737744172,36164.07388133926,1719.7434903718088
2024-01-16 03:00:00,36057.10090310884,36095.52601602417,35966.931189515875,36053.094135322215,4790.693995551271
2024-01-16 04:00:00,36075.175337343,36337.368672675984,36081.236573706534,36138.893900386734,4659.793541947045
2024-01-16 05:00:00,35938.709155437056,36094.241991365656,35685.80875243667,35924.44500120859,2638.3562406224164
2024-01-16 06:00:00,35968.07996743177,35934.77140393936,35803.41967546633,35899.17056160068,558.1901621416391
2024-01-16 07:00:00,36128.27494877387,36195.81008627206,36147.450920681935,36176.31953328429,4844.379834400616
2024-01-16 08:00:00,35984.86597641252,35982.730017372385,35888.047755895575,35965.096061324155,3586.838540117443
2024-01-16 09:00:00,36014.389801548954,36126.79137955051,35949.92679550424,36004.579924101854,2713.906228976981
2024-01-16 10:00:00,36038.87620681494,36015.99856193607,35929.551956707786,36005.8270362104,3218.3850602830166
2024-01-16 11:00:00,35559.81181919489,35599.77529147202,35478.99627578005,35564.47931281691,999.4350242254496
2024-01-16 12:00:00,35433.84728001225,35585.57131233131,35383.89392450447,35424.18267942502,1208.9183525956996
2024-01-16 13:00:00,35595.58545251447,35626.06849665309,35575.29946343217,35589.109155404294,3375.1047662794545
2024-01-16 14:00:00,35597.93686416842,35694.17640142983,35523.876926935955,35577.55651640147,720.3242370069069
2024-01-16 15:00:00,35296.688348916,35413.71086312503,35247.539376194814,35326.3311221825,3660.356858841866
2024-01-16 16:00:00,35419.83311587024,35564.79781836477,35322.638762873394,35413.0179244338,4639.005050249827
2024-01-16 17:00:00,35321.36759335104,35302.44923376341,35234.82680031465,35292.76895925724,3690.2986685320543
2024-01-16 18:00:00,35362.2667359397,35374.24067466971,35244.969693814244,35321.01212609683,3022.8536433729405
2024-01-16 19:00:00,35369.782249714095,35455.51869298956,35263.38840884489,35352.25711363384,4073.9156201909304
2024-01-16 20:00:00,35079.409418121766,35224.30506753924,35041.177331232335,35119.162783902255,3868.095857081757
2024-01-16 21:00:00,35168.01284672651,35272.99496232196,35180.07554208234,35222.73411773397,3157.9698628469982
2024-01-16 22:00:00,35024.38132213914,35112.1580560705,34988.0266994326,35010.07531048032,1386.6035774144875
2024-01-16 23:00:00,34711.33586112495,34910.19798208838,34691.6455816694,34746.48692756993,535.2439630968897
2024-01-17 00:00:00,34587.54323423868,34744.34601236448,34531.032681322526,34558.364411236544,2557.8749862504524
2024-01-17 01:00:00,34454.08631767225,34491.402002100505,34384.480059485504,34464.0045192786,1584.684544726378
2024-01-17 02:00:00,34483.241412600095,34540.70036382736,34377.87724536546,34448.39286914939,1522.0784295775447
2024-01-17 03:00:00,34353.747986614726,34472.003513005366,34275.764816166964,34280.87313659485,2780.1319424273706
2024-01-17 04:00:00,34372.115249559814,34380.294120815786,34194.0371797682,34374.25754524776,2189.274943457114
2024-01-17 05:00:00,34379.114307622855,34583.43414279863,34356.24529491004,34383.10276083111,2768.251359721227
2024-01-17 06:00:00,34263.96419283887,34374.9592812644,34122.936911027915,34229.27306593021,1711.739427476186
2024-01-17 07:00:00,34383.73384945401,34363.8545845065,34211.368814470916,34347.19169951444,3245.5281194100894
2024-01-17 08:00:00,34570.968007464806,34585.232961746704,34458.53565496741,34512.24169509655,3298.93881306088
2024-01-17 09:00:00,34467.474229601874,34531.21049098372,34438.95516709681,34460.700302861966,1440.1280203465376
2024-01-17 10:00:00,34367.4334844688,34419.79229802903,34343.45508327435,34389.19727114562,3053.6250893675747
2024-01-17 11:00:00,34050.077857573364,34103.27436854109,34018.956303163155,34049.815208969274,2503.47065459877
2024-01-17 12:00:00,33925.216793649895,33970.70193773972,33715.106579642095,33946.38675142902,4862.4174970210315
2024-01-17 13:00:00,33871.083033613046,33975.358879540785,33843.23946398567,33862.96236665068,3748.026588151457
2024-01-17 14:00:00,33841.23793353863,33907.910141581866,33850.19982199936,33870.64577245196,1318.5124826533554
2024-01-17 15:00:00,33838.74682784709,33912.10093133695,33742.09166372937,33808.251566657134,4469.127681147708
2024-01-17 16:00:00,33890.02779798354,33887.74788046688,33857.54560766062,33866.406313008934,2646.596816442593
2024-01-17 17:00:00,34147.85717086646,34199.57965851582,34041.968506506826,34143.110141457466,4310.855392701313
2024-01-17 18:00:00,34070.58850506525,34112.60296980214,34041.359312766705,34069.71711935239,4239.083898245162
2024-01-17 19:00:00,33996.43587276504,34188.329024761246,33925.47733785069,34003.11554400976,578.0775828826312
2024-01-17 20:00:00,33841.88960043959,33823.165618675186,33752.58817429729,33797.53860453956,1551.4785106279878
2024-01-17 21:00:00,33853.123977851596,33842.59444891631,33747.51494354845,33812.97386154667,4599.912244390339
2024-01-17 22:00:00,33999.97875582675,34006.950400023285,33990.675141354244,33995.02510769676,3963.851980643293
2024-01-17 23:00:00,33685.50279472302,33724.74037395948,33691.87705687396,33714.38421781992,1108.9650082739472
2024-01-18 00:00:00,33579.43216216056,33848.20600326964,33591.660797836885,33618.996621827806,1455.3157038537406
2024-01-18 01:00:00,33651.52363047692,33706.70328523973,33580.87140293571,33641.84753830005,3283.9134058983045
2024-01-18 02:00:00,33780.096065088874,33832.073462498374,33665.16857956036,33801.66362006619,1754.1314668304692
2024-01-18 03:00:00,33899.39890421305,33884.111980239126,33809.46108522659,33883.27270702482,1419.2259532335515
2024-01-18 04:00:00,33942.22282417265,34036.77873766849,33853.68829789671,33955.353207727894,4925.352660970164
2024-01-18 05:00:00,33960.504557099586,34001.924136545334,33858.734401041016,33934.2477849485,2563.7919126879356
2024-01-18 06:00:00,34040.03406888828,34069.28282926875,34022.346845743006,34032.97511103528,2837.391145165083
2024-01-18 07:00:00,34256.74645393657,34304.88608112213,34170.7197355174,34222.5904927074,3435.073770985686
2024-01-18 08:00:00,33871.43617198862,33999.521163906065,33868.18297948079,33947.271159332515,840.8078190113958
2024-01-18 09:00:00,34080.16407199523,34143.06377433033,34002.29855985752,34087.9037389188,2284.3900617340014
2024-01-18 10:00:00,34163.68124608679,34179.679630484636,33975.70458491776,34088.11511700996,4574.426646942551
2024-01-18 11:00:00,33929.682977310156,34118.54468871968,33954.2405823658,34014.827567498076,4744.4792367889495
2024-01-18 12:00:00,33644.65784915841,33710.48208990155,33562.613011508605,33616.330973326745,2728.6788559439915
2024-01-18 13:00:00,33415.089200237024,33443.884367509585,33360.37189920281,33401.12740403624,4514.957135758006
2024-01-18 14:00:00,33744.743334166786,33773.027798021365,33656.21133929038,33701.413391436356,2745.6572848543547
2024-01-18 15:00:00,33596.40573150122,33698.99616044643,33525.60894259516,33602.238804468965,4935.247468512761
2024-01-18 16:00:00,33476.58825476437,33468.309216801754,33252.489927812276,33436.786627374815,4042.34839164132
2024-01-18 17:00:00,33417.814840046616,33379.50618850834,33299.37347534421,33377.197934154654,4236.395936194087
2024-01-18 18:00:00,33276.07868312315,33403.09781358656,33250.42475263632,33269.53190155143,1338.942606652875
2024-01-18 19:00:00,33268.08386194852,33315.24604822423,33201.84105556023,33306.853434977944,520.194771709963
2024-01-18 20:00:00,33606.79012498264,33601.04348744509,33555.9843463764,33576.13496152582,2772.2763334265414
2024-01-18 21:00:00,33461.83681878602,33636.402327063515,33309.734090054066,33494.4415473246,4922.62125393836
2024-01-18 22:00:00,33532.42086159369,33586.02659655271,33442.2705992462,33537.02806349598,4852.662284308896
2024-01-18 23:00:00,33393.01216200904,33459.50520236399,33300.42987243366,33361.42195652143,3263.8350704150193
2024-01-19 00:00:00,33668.40530673953,33733.776921834906,33542.283787080254,33631.677238112665,1330.9498289283113
2024-01-19 01:00:00,33668.562960475734,33698.934374135955,33667.51215021202,33680.28231692799,540.387471613638
2024-01-19 02:00:00,33535.95588776293,33739.77780173462,33440.300866677906,33514.94259064505,2734.2185285010387
2024-01-19 03:00:00,33631.28128789721,33719.416747156654,33620.039359889815,33683.23891720125,1858.7671159076654
2024-01-19 04:00:00,33886.16314863767,33925.370492430426,33690.675219172575,33902.17788998434,2015.5514372120394
2024-01-19 05:00:00,33996.36224245932,33995.93814147512,33910.71050721547,33946.49759069791,4249.724455291145
2024-01-19 06:00:00,33730.464224522846,33752.97096935778,33555.25423005352,33685.21191344915,902.0491194022813
2024-01-19 07:00:00,34025.47856134961,34036.15809925697,33976.78277150599,34002.72346832879,908.1507738724752
2024-01-19 08:00:00,34067.61723320458,34175.9825840313,34000.80573222348,34072.44988161378,2491.874614689411
2024-01-19 09:00:00,34317.938947022034,34614.67174351167,34121.93951803771,34288.88733348242,2360.469952071798
2024-01-19 10:00:00,34210.78952868618,34284.86428610952,34194.88854248824,34211.58420193394,787.4789576286227
2024-01-19 11:00:00,34166.24898792397,34274.498980616016,34107.07803032042,34160.502214205204,2954.7517024916183
2024-01-19 12:00:00,34199.47051527796,34325.11399784444,34109.50188239536,34196.44813373474,2444.133835693834
2024-01-19 13:00:00,34377.23733424882,34502.9712501698,34349.381102314386,34403.91827147644,4968.759479362689
2024-01-19 14:00:00,34470.72231766966,34531.40142434255,34396.46666925,34445.71731682568,797.3883228468139
2024-01-19 15:00:00,34209.83553963291,34326.179635944834,34210.04038258453,34246.477464380274,1028.388272767258
2024-01-19 16:00:00,34335.07978222538,34429.713709669435,34131.30493966653,34308.46173873022,1212.9067086193068
2024-01-19 17:00:00,34571.908234810355,34615.6838585296,34492.13135004982,34605.15002742121,1961.8739481695984
2024-01-19 18:00:00,34608.83052988768,34677.65240131362,34528.10727035146,34633.83878382178,3490.236138158551
2024-01-19 19:00:00,34575.058995163694,34745.639593218795,34582.63625901158,34673.56129007087,4849.273890700979
2024-01-19 20:00:00,34466.633120605766,34552.49941217275,34449.16427397477,34472.01363148185,4584.61301264793
2024-01-19 21:00:00,34253.90957975423,34296.004315509585,34178.03652699146,34247.43034351358,2489.4709743401654
2024-01-19 22:00:00,34183.60643033106,34221.97629232864,34126.228784275045,34155.35747316227,819.154363057165
2024-01-19 23:00:00,34161.396246035474,34141.08412116007,33873.96186018582,34116.67351719106,3402.2234112634496
2024-01-20 00:00:00,34100.58988618632,34361.5368063175,34139.998223247734,34151.48288456118,2379.551972417423
2024-01-20 01:00:00,34230.575054018256,34227.30064918717,34188.64727244401,34196.897009870096,605.0236262259281
2024-01-20 02:00:00,34471.89324772482,34546.39482825806,34454.189210983786,34487.89681318077,4178.184730222606
2024-01-20 03:00:00,34512.7736201124,34584.55421118544,34339.910768921356,34515.260793194815,2881.6500927260236
2024-01-20 04:00:00,34712.558038407304,34720.71704213628,34688.805491002044,34716.212557014886,2470.422914033905
2024-01-20 05:00:00,34711.13365476321,34920.92373339007,34702.57017017405,34726.7438355871,3756.4024604961733
2024-01-20 06:00:00,34964.542682647196,35124.81656254351,34838.10828120272,34995.68573032181,4361.803624839697
2024-01-20 07:00:00,34695.58924568188,34719.64355024083,34634.71242774787,34685.90436140186,4695.052392510133
2024-01-20 08:00:00,34627.47468920104,34631.561169667664,34579.75201397256,34599.40954959685,1992.3013163753114
2024-01-20 09:00:00,34742.94773951463,34823.4724992105,34780.515439381474,34786.771129762164,1327.2154269901873
2024-01-20 10:00:00,34773.64149553367,34898.141723590714,34740.16904637402,34774.31816051881,1986.3881422479571
2024-01-20 11:00:00,34931.68556741523,34989.451069811985,34913.93308959089,34953.67185535855,4893.373182831963
2024-01-20 12:00:00,35076.845458382304,35089.92942953696,34966.73248753691,35038.44606228173,943.1544161052
2024-01-20 13:00:00,35239.06028236702,35277.46782454764,35049.960599992715,35221.67558368979,4776.295044805419
2024-01-20 14:00:00,35400.58136567598,35497.94265847275,35308.74385384489,35347.25278461894,3283.1003083359465
2024-01-20 15:00:00,35429.02825329835,35667.179937182125,35355.440650672346,35483.98460676927,543.5680746089216
2024-01-20 16:00:00,35803.50753023111,35934.81083611211,35672.48849760301,35766.51791899253,4366.156476655637
2024-01-20 17:00:00,35966.66446199863,35965.994769668105,35902.85559230163,35960.81488128447,3565.322900022236
2024-01-20 18:00:00,36131.26533513887,36278.1645719985,36145.34493695521,36157.48578384066,1150.8174999064267
2024-01-20 19:00:00,36196.955000055714,36186.28325415516,36142.59367423089,36179.25598163514,2036.0786958873089
2024-01-20 20:00:00,36148.61248670973,36137.883194673304,36068.55254851738,36092.0910712063,4427.9724843399945
2024-01-20 21:00:00,36048.86445052288,35999.91144721164,35792.779779414705,35991.11260287761,3778.8627390517136
2024-01-20 22:00:00,36173.963273026544,36149.5592894793,36066.346398342226,36144.24481695893,1933.956128963706
2024-01-20 23:00:00,35686.213620341194,35880.56511523339,35600.00911977695,35721.635361350694,4073.964040645759
2024-01-21 00:00:00,35517.02548510528,35582.82186483863,35340.95009865344,35506.02346605679,1646.6257402692163
2024-01-21 01:00:00,35364.875524470626,35381.68720927079,35318.49885673495,35352.76993791692,2972.3806371684204
2024-01-21 02:00:00,35370.55213330719,35329.241735414704,35203.11932198108,35326.675814722556,4701.048552901915
2024-01-21 03:00:00,34873.78859006945,34970.66890335793,34864.473351266555,34879.53936036563,2462.9910523462395
2024-01-21 04:00:00,35117.04405260787,35180.738345974336,35109.927654098865,35116.497226132786,3003.1147039737357
2024-01-21 05:00:00,35216.40645726795,35284.37406097102,35231.552987469106,35239.43573485466,3992.8774568100653
2024-01-21 06:00:00,35630.52167920556,35796.36506718666,35434.354193567015,35606.73327217711,1416.816882242233
2024-01-21 07:00:00,35805.93194004996,35940.92728945349,35754.777110204406,35813.6465751771,2520.7637523177073
2024-01-21 08:00:00,36022.75982079566,36031.8343947691,35860.08845666345,36016.06160448592,4640.244850584307
2024-01-21 09:00:00,36422.26196059079,36634.67181829878,36362.333359162636,36439.3720682149,3433.294344204059
2024-01-21 10:00:00,36355.28231180485,36370.18523329751,36261.15364052887,36353.56498343724,3656.213679164478
2024-01-21 11:00:00,36059.460155684625,36147.580851044295,36089.23405214883,36098.46140284392,4830.097836279225
2024-01-21 12:00:00,36080.37591881889,36182.71476230293,35956.31701752089,36074.571911000545,3150.0685397693956
2024-01-21 13:00:00,35922.14417592844,36085.929543785984,35836.1991399998,35943.803021093474,4417.418806965918
2024-01-21 14:00:00,35940.7317423548,36123.75693961035,35733.94977852813,35915.6149272863,4965.920781389956
2024-01-21 15:00:00,35811.01360943372,35789.9765757872,35659.8048349897,35744.97643053277,3543.1760140693063
2024-01-21 16:00:00,35894.673736486984,35932.639305319266,35841.12445865446,35864.343216880596,3581.507820437789
2024-01-21 17:00:00,35933.975964832964,36089.73295694424,35818.884054559676,35974.26435340094,1314.6316166068873
2024-01-21 18:00:00,35974.47872580114,36085.58185308834,35982.87367997815,35987.408883626726,2583.8171346202853
2024-01-21 19:00:00,36003.419675691795,36112.342845635285,36008.882839307335,36061.467642882606,3820.238370704306
